Geographic code,Geographic name,CD type,Province or territory,"Incompletely enumerated Indian reserves and Indian settlements, 2016","Population, 2016","Population, 2011",2011 adjusted population flag,"Population, % change","Total private dwellings, 2016","Private dwellings occupied by usual residents, 2016","Land area in square kilometres, 2016","Population density per square kilometre, 2016","National population rank, 2016","Provincial/territorial population rank, 2016"
3520,Toronto,Census division (CDR),Ontario,F,2731571,2615060,F,4.5,1179057,1112929,630.2,4334.4,1,1
5915,Greater Vancouver,Regional district (RD),British Columbia,F,2463431,2313328,F,6.5,1027613,960894,2882.68,854.6,2,1
2466,Montr�al,Territoire �quivalent (T�),Quebec,F,1942044,1886481,F,2.9,939112,870373,499.26,3889.8,3,1
4806,Division No.  6,Census division (CDR),Alberta,F,1498778,1311022,F,14.3,586269,558912,12655.32,118.4,4,1
3521,Peel,Regional municipality (RM),Ontario,F,1381739,1296809,T,6.5,443918,430180,1246.95,1108.1,5,2
4811,Division No. 11,Census division (CDR),Alberta,F,1366050,1203115,F,13.5,557547,518951,15783.77,86.5,6,2
3519,York,Regional municipality (RM),Ontario,F,1109909,1032524,F,7.5,369928,357084,1762.13,629.9,7,3
3506,Ottawa,Census division (CDR),Ontario,F,934243,883391,F,5.8,395985,373756,2790.3,334.8,8,4
4611,Division No. 11,Census division (CDR),Manitoba,F,708823,666832,F,6.3,295343,282116,571.6,1240.1,9,1
3518,Durham,Regional municipality (RM),Ontario,F,645862,608124,F,6.2,233936,227906,2523.8,255.9,10,5
2423,Qu�bec,Territoire �quivalent (T�),Quebec,F,569717,551856,T,3.2,282180,267144,548.72,1038.3,11,2
3524,Halton,Regional municipality (RM),Ontario,F,548435,501674,T,9.3,198164,192977,964.05,568.9,12,6
3525,Hamilton,Census division (CDR),Ontario,F,536917,519949,F,3.3,222918,211596,1117.29,480.6,13,7
3530,Waterloo,Regional municipality (RM),Ontario,F,535154,507096,F,5.5,214299,203832,1368.92,390.9,14,8
3543,Simcoe,County (CTY),Ontario,F,479650,446063,F,7.5,206549,183536,4859.64,98.7,15,9
3539,Middlesex,County (CTY),Ontario,T,455526,439151,F,3.7,203349,190045,3317.27,137.3,16,10
3526,Niagara,Regional municipality (RM),Ontario,F,447888,431346,F,3.8,196241,183828,1854.23,241.5,17,11
2465,Laval,Territoire �quivalent (T�),Quebec,F,422993,401553,F,5.3,165686,160328,247.23,1710.9,18,3
2458,Longueuil,Territoire �quivalent (T�),Quebec,F,415347,399097,F,4.1,183008,175735,282.21,1471.8,19,4
1209,Halifax,County (CTY),Nova Scotia,F,403390,390328,F,3.3,187478,173459,5496.31,73.4,20,1
3537,Essex,County (CTY),Ontario,F,398953,388782,F,2.6,168569,159053,1850.9,215.5,21,12
5917,Capital,Regional district (RD),British Columbia,T,383360,359991,F,6.5,183562,170157,2340.49,163.8,22,2
4711,Division No. 11,Census division (CDR),Saskatchewan,F,303423,271170,F,11.9,129632,119128,16692.08,18.2,23,1
5909,Fraser Valley,Regional district (RD),British Columbia,F,295934,277593,F,6.6,116080,108393,13335.28,22.2,24,3
2481,Gatineau,Territoire �quivalent (T�),Quebec,F,276245,265349,F,4.1,125608,118385,342.8,805.8,25,5
1001,Division No.  1,Census division (CDR),Newfoundland and Labrador,F,270348,262410,F,3,131336,112620,9220.61,29.3,26,1
4706,Division No.  6,Census division (CDR),Saskatchewan,F,262837,237746,F,10.6,116531,105686,17548.18,15,27,2
3523,Wellington,County (CTY),Ontario,F,222726,208360,F,6.9,90846,85281,2660.57,83.7,28,13
4808,Division No.  8,Census division (CDR),Alberta,F,209395,189243,F,10.6,88994,80649,9939.43,21.1,29,3
5935,Central Okanagan,Regional district (RD),British Columbia,F,194882,179839,F,8.4,88374,81383,2904.86,67.1,30,4
2467,Roussillon,Municipalit� r�gionale de comt� (MRC),Quebec,T,171443,162187,F,5.7,67868,66264,423.82,404.5,31,6
4802,Division No.  2,Census division (CDR),Alberta,F,169729,156536,F,8.4,66991,62823,17673.32,9.6,32,4
2494,Le Saguenay-et-son-Fjord,Census division (CDR),Quebec,F,167549,165211,F,1.4,81769,75351,41361.06,4.1,33,7
3553,Greater Sudbury,Census division (CDR),Ontario,F,161647,160376,F,0.8,75103,69200,3239.02,49.9,34,14
2443,Sherbrooke,Territoire �quivalent (T�),Quebec,F,161323,154601,F,4.3,80341,73506,353.76,456,35,8
2464,Les Moulins,Municipalit� r�gionale de comt� (MRC),Quebec,F,158267,148813,F,6.4,60944,59701,261.13,606.1,36,9
2473,Th�r�se-De Blainville,Municipalit� r�gionale de comt� (MRC),Quebec,F,157103,154144,F,1.9,62218,60762,207.2,758.2,37,10
5921,Nanaimo,Regional district (RD),British Columbia,F,155698,146574,F,6.2,73622,68904,2038.04,76.4,38,5
2437,Francheville,Census division (CDR),Quebec,F,153030,149203,F,2.6,76859,71357,1162.21,131.7,39,11
3510,Frontenac,County (CTY),Ontario,F,150475,149753,T,0.5,77155,64295,3787.76,39.7,40,15
1307,Westmorland,County (CT),New Brunswick,F,149623,144158,F,3.8,71839,64038,3666.15,40.8,41,1
2471,Vaudreuil-Soulanges,Municipalit� r�gionale de comt� (MRC),Quebec,F,149349,139353,F,7.2,59474,57515,855.56,174.6,42,12
3558,Thunder Bay,District (DIS),Ontario,F,146048,146057,F,0,72551,62999,103722.82,1.4,43,16
2425,L�vis,Territoire �quivalent (T�),Quebec,F,143414,138769,F,3.3,62585,60779,449.05,319.4,44,13
3515,Peterborough,County (CTY),Ontario,F,138236,134928,T,2.5,70551,57743,3848.2,35.9,45,17
3512,Hastings,County (CTY),Ontario,F,136445,134934,F,1.1,65136,57017,6103.92,22.4,46,18
3529,Brant,Census division (CDR),Ontario,T,134808,136035,F,-0.9,54626,52722,1093.22,123.3,47,19
5933,Thompson-Nicola,Regional district (RD),British Columbia,F,132663,128471,T,3.3,62157,55504,44449.42,3,48,6
2475,La Rivi�re-du-Nord,Municipalit� r�gionale de comt� (MRC),Quebec,F,128170,115165,F,11.3,58580,55009,451.02,284.2,49,14
3538,Lambton,County (CTY),Ontario,F,126638,126199,F,0.3,59777,54481,3002.25,42.2,50,20
2460,L'Assomption,Municipalit� r�gionale de comt� (MRC),Quebec,F,124759,119840,F,4.1,50828,49768,255.65,488,51,15
2457,La Vall�e-du-Richelieu,Municipalit� r�gionale de comt� (MRC),Quebec,F,124420,116773,F,6.5,49971,48748,588.6,211.4,52,16
4819,Division No. 19,Census division (CDR),Alberta,F,120380,109712,F,9.7,49338,44549,20516.9,5.9,53,5
2456,Le Haut-Richelieu,Municipalit� r�gionale de comt� (MRC),Quebec,F,117443,114344,F,2.7,52461,50061,936.02,125.5,54,17
3557,Algoma,District (DIS),Ontario,T,114094,115870,F,-1.5,60324,51071,48814.88,2.3,55,21
3501,"Stormont, Dundas and Glengarry",United counties (UC),Ontario,F,113429,111164,F,2,50455,47829,3309.87,34.3,56,22
3532,Oxford,County (CTY),Ontario,F,110862,105719,F,4.9,45350,44266,2039.61,54.4,57,23
3528,Haldimand-Norfolk,Census division (CDR),Ontario,T,109787,109118,F,0.6,48249,43559,2894.76,37.9,58,24
2449,Drummond,Municipalit� r�gionale de comt� (MRC),Quebec,F,103397,98681,F,4.8,47581,45334,1600.26,64.6,59,18
3547,Renfrew,County (CTY),Ontario,F,102394,101326,F,1.1,49860,42779,7448.57,13.7,60,25
3536,Chatham-Kent,Census division (CDR),Ontario,F,102042,104075,F,-2,46287,43174,2470.52,41.3,61,26
3507,Leeds and Grenville,United counties (UC),Ontario,F,100546,99306,F,1.2,48226,42749,3382.89,29.7,62,27
1310,York,County (CT),New Brunswick,F,99411,97238,F,2.2,46855,42009,8131.77,12.2,63,2
1217,Cape Breton,County (CTY),Nova Scotia,F,98722,101619,F,-2.9,47205,43081,2467.74,40,64,2
2472,Deux-Montagnes,Municipalit� r�gionale de comt� (MRC),Quebec,T,98203,95670,F,2.6,40728,39748,243.42,403.4,65,19
4810,Division No. 10,Census division (CDR),Alberta,F,97449,93039,F,4.7,42796,38242,20466.09,4.8,66,6
5953,Fraser-Fort George,Regional district (RD),British Columbia,F,94506,91879,F,2.9,41666,38600,50676.1,1.9,67,7
3542,Grey,County (CTY),Ontario,F,93830,92568,F,1.4,47560,39563,4513.5,20.8,68,28
3502,Prescott and Russell,United counties (UC),Ontario,F,89333,85381,F,4.6,36783,35389,2004.47,44.6,69,29
3534,Elgin,County (CTY),Ontario,F,88978,87461,F,1.7,36613,34995,1881.03,47.3,70,30
2447,La Haute-Yamaska,Municipalit� r�gionale de comt� (MRC),Quebec,F,88306,85042,F,3.8,40364,38826,636.81,138.7,71,20
2454,Les Maskoutains,Municipalit� r�gionale de comt� (MRC),Quebec,F,87099,84248,F,3.4,40244,38016,1302.9,66.9,72,21
4715,Division No. 15,Census division (CDR),Saskatchewan,F,85908,83725,F,2.6,38751,32232,19613.27,4.4,73,3
3514,Northumberland,County (CTY),Ontario,F,85598,82126,F,4.2,39032,35686,1905.15,44.9,74,31
5937,North Okanagan,Regional district (RD),British Columbia,F,84354,81237,F,3.8,39970,35875,7502.6,11.2,75,8
5919,Cowichan Valley,Regional district (RD),British Columbia,F,83739,80332,F,4.2,37919,35272,3474.52,24.1,76,9
3548,Nipissing,District (DIS),Ontario,F,83150,84736,F,-1.9,41200,36050,17103.78,4.9,77,32
5907,Okanagan-Similkameen,Regional district (RD),British Columbia,F,83022,80742,F,2.8,42894,37673,10411.68,8,78,10
4801,Division No.  1,Census division (CDR),Alberta,F,82627,78694,F,5,35331,33230,20558.81,4,79,7
1102,Queens,County (CTY),Prince Edward Island,F,82017,77866,F,5.3,39399,33975,2020.48,40.6,80,1
3556,Cochrane,District (DIS),Ontario,F,79682,81122,F,-1.8,37974,34012,141268.51,0.6,81,33
1315,Gloucester,County (CT),New Brunswick,F,78444,79943,T,-1.9,38789,34701,4743.67,16.5,82,3
2459,Marguerite-D'Youville,Municipalit� r�gionale de comt� (MRC),Quebec,F,77550,74416,F,4.2,30532,29942,346.04,224.1,83,22
3531,Perth,County (CTY),Ontario,F,76796,75112,F,2.2,31747,30713,2218.52,34.6,84,34
4602,Division No.  2,Census division (CDR),Manitoba,F,75571,66045,T,14.4,26604,25466,4429.61,17.1,85,2
3516,Kawartha Lakes,Census division (CDR),Ontario,F,75423,73219,T,3,38444,31106,3084.38,24.5,86,35
1301,Saint John,County (CT),New Brunswick,F,74020,76550,F,-3.3,36825,32852,1463.7,50.6,87,4
4816,Division No. 16,Census division (CDR),Alberta,F,73988,67516,F,9.6,31535,26338,95348.4,0.8,88,8
2439,Arthabaska,Municipalit� r�gionale de comt� (MRC),Quebec,F,72014,69237,F,4,33483,31447,1890.18,38.1,89,23
4813,Division No. 13,Census division (CDR),Alberta,F,71016,68919,F,3,34788,27840,24385.17,2.9,90,9
1305,Kings,County (CT),New Brunswick,F,68941,69665,F,-1,29570,27027,3484.22,19.8,91,5
4607,Division No.  7,Census division (CDR),Manitoba,F,68746,65084,T,5.6,29333,27632,6309.28,10.9,92,3
3509,Lanark,County (CTY),Ontario,F,68698,65667,F,4.6,32695,28580,3035.64,22.6,93,36
3541,Bruce,County (CTY),Ontario,F,68147,66102,F,3.1,41183,28866,4090.2,16.7,94,37
4812,Division No. 12,Census division (CDR),Alberta,T,67120,63427,F,5.8,30281,24500,31981.64,2.1,95,10
2461,Joliette,Municipalit� r�gionale de comt� (MRC),Quebec,F,66550,63551,F,4.7,30969,29703,418.12,159.2,96,24
5926,Comox Valley,Regional district (RD),British Columbia,F,66527,63538,F,4.7,32076,29573,1699.9,39.1,97,11
3560,Kenora,District (DIS),Ontario,T,65533,57607,F,13.8,31191,23931,407268.65,0.2,98,38
2470,Beauharnois-Salaberry,Municipalit� r�gionale de comt� (MRC),Quebec,F,64320,61950,F,3.8,30151,28865,471.26,136.5,99,25
5955,Peace River,Regional district (RD),British Columbia,F,62942,60082,F,4.8,28746,24264,117387.55,0.5,100,12
5941,Cariboo,Regional district (RD),British Columbia,F,61988,62392,F,-0.6,31680,26699,80609.75,0.8,101,13
3522,Dufferin,County (CTY),Ontario,F,61735,56881,F,8.5,22889,21918,1486.44,41.5,102,39
4817,Division No. 17,Census division (CDR),Alberta,F,61590,61504,F,0.1,23895,19747,192152.54,0.3,103,11
1207,Kings,County (CTY),Nova Scotia,F,60600,60589,F,0,29187,25951,2126.71,28.5,104,3
3544,Muskoka,District municipality (DM),Ontario,T,60599,58017,T,4.5,46207,25431,3940.48,15.4,105,40
5901,East Kootenay,Regional district (RD),British Columbia,F,60439,56685,F,6.6,34197,25863,27541.84,2.2,106,14
5903,Central Kootenay,Regional district (RD),British Columbia,F,59517,58441,F,1.8,30726,27016,22094.94,2.7,107,15
3540,Huron,County (CTY),Ontario,F,59297,59100,F,0.3,28369,24194,3399.27,17.4,108,41
2446,Brome-Missisquoi,Municipalit� r�gionale de comt� (MRC),Quebec,F,58314,55621,F,4.8,31470,25865,1652.08,35.3,109,26
2410,Rimouski-Neigette,Municipalit� r�gionale de comt� (MRC),Quebec,F,56650,55095,F,2.8,28811,26113,2715.17,20.9,110,27
4805,Division No.  5,Census division (CDR),Alberta,F,55708,53263,F,4.6,22044,20020,16795.05,3.3,111,12
4603,Division No.  3,Census division (CDR),Manitoba,F,54796,50679,T,8.1,19419,18719,5283.96,10.4,112,4
2434,Portneuf,Municipalit� r�gionale de comt� (MRC),Quebec,F,53008,49370,F,7.4,26586,23137,3923.7,13.5,113,28
2493,Lac-Saint-Jean-Est,Municipalit� r�gionale de comt� (MRC),Quebec,F,52741,52520,F,0.4,25450,22909,2779.97,19,114,29
2463,Montcalm,Municipalit� r�gionale de comt� (MRC),Quebec,F,52596,48378,F,8.7,23295,21608,711.02,74,115,30
2429,Beauce-Sartigan,Municipalit� r�gionale de comt� (MRC),Quebec,F,52406,51011,T,2.7,24195,22861,1954.5,26.8,116,31
5939,Columbia-Shuswap,Regional district (RD),British Columbia,F,51366,50512,F,1.7,29798,22454,28929.19,1.8,117,16
2453,Pierre-De Saurel,Municipalit� r�gionale de comt� (MRC),Quebec,F,51025,50900,F,0.2,25425,23793,597.55,85.4,118,32
1210,Colchester,County (CTY),Nova Scotia,F,50585,50968,F,-0.8,25378,22229,3628.12,13.9,119,4
2474,Mirabel,Territoire �quivalent (T�),Quebec,F,50513,41957,F,20.4,20395,19631,485.07,104.1,120,33
2462,Matawinie,Municipalit� r�gionale de comt� (MRC),Quebec,F,50435,49516,F,1.9,35858,23139,9528.17,5.3,121,34
2445,Memphr�magog,Municipalit� r�gionale de comt� (MRC),Quebec,F,50415,48551,F,3.8,30430,22919,1319.29,38.2,122,35
2436,Shawinigan,Territoire �quivalent (T�),Quebec,F,49349,50060,F,-1.4,26953,24410,734.84,67.2,123,36
2482,Les Collines-de-l'Outaouais,Municipalit� r�gionale de comt� (MRC),Quebec,F,49094,46393,F,5.8,23164,18756,2051.77,23.9,124,37
4613,Division No. 13,Census division (CDR),Manitoba,F,49086,46888,F,4.7,20847,18426,1694.91,29,125,5
4717,Division No. 17,Census division (CDR),Saskatchewan,F,47900,44180,F,8.4,22846,16947,22457.1,2.1,126,4
4707,Division No.  7,Census division (CDR),Saskatchewan,F,47195,46648,F,1.2,22895,19760,18836.58,2.5,127,5
1206,Lunenburg,County (CTY),Nova Scotia,F,47126,47313,F,-0.4,26648,21439,2909.77,16.2,128,5
2478,Les Laurentides,Municipalit� r�gionale de comt� (MRC),Quebec,T,45902,45157,F,1.6,36150,21972,2479.05,18.5,129,38
1309,Northumberland,County (CT),New Brunswick,F,44952,46204,T,-2.7,21792,19362,12868.78,3.5,130,6
5924,Strathcona,Regional district (RD),British Columbia,F,44671,43252,F,3.3,21681,19610,18278.06,2.4,131,17
2499,Nord-du-Qu�bec,Census division (CDR),Quebec,F,44561,42579,F,4.7,16179,13673,747191.93,0.1,132,39
1212,Pictou,County (CTY),Nova Scotia,F,43748,45643,F,-4.2,22525,19305,2846.28,15.4,133,6
1103,Prince,County (CTY),Prince Edward Island,F,43730,44348,F,-1.4,21694,18275,1979.21,22.1,134,2
2422,La Jacques-Cartier,Municipalit� r�gionale de comt� (MRC),Quebec,F,43485,36929,T,17.8,18401,16332,3195.75,13.6,135,40
2489,La Vall�e-de-l'Or,Municipalit� r�gionale de comt� (MRC),Quebec,F,43226,42896,F,0.8,20224,19040,24292.04,1.8,136,41
3511,Lennox and Addington,County (CTY),Ontario,F,42888,41809,T,2.6,19684,17053,2839.68,15.1,137,42
3549,Parry Sound,District (DIS),Ontario,F,42824,42162,F,1.6,35226,18679,9326.48,4.6,138,43
5931,Squamish-Lillooet,Regional district (RD),British Columbia,F,42665,38173,T,11.8,23965,16416,16311.62,2.6,139,18
1208,Hants,County (CTY),Nova Scotia,F,42558,42304,F,0.6,19202,17439,3051.93,13.9,140,7
2431,Les Appalaches,Municipalit� r�gionale de comt� (MRC),Quebec,F,42346,43120,F,-1.8,22714,19669,1912.49,22.1,141,42
2486,Rouyn-Noranda,Territoire �quivalent (T�),Quebec,F,42334,41012,F,3.2,20568,18851,6009.86,7,142,43
2452,D'Autray,Municipalit� r�gionale de comt� (MRC),Quebec,F,42189,41650,F,1.3,20768,18223,1249.3,33.8,143,44
4622,Division No. 22,Census division (CDR),Manitoba,F,42165,40923,F,3,12356,10891,92083.25,0.5,144,6
1005,Division No.  5,Census division (CDR),Newfoundland and Labrador,F,42014,41004,F,2.5,20924,17890,10366.48,4.1,145,2
2477,Les Pays-d'en-Haut,Municipalit� r�gionale de comt� (MRC),Quebec,F,41877,40331,F,3.8,29723,20698,683.46,61.3,146,45
4807,Division No.  7,Census division (CDR),Alberta,F,41574,40232,F,3.3,18246,16009,19227.61,2.2,147,13
2497,Sept-Rivi�res--Caniapiscau,Census division (CDR),Quebec,F,39322,39500,F,-0.5,19307,16764,100868.87,0.4,148,46
4803,Division No.  3,Census division (CDR),Alberta,F,38956,38566,F,1,15405,13378,13887.06,2.8,149,14
4815,Division No. 15,Census division (CDR),Alberta,F,38594,35983,F,7.3,17542,13900,28403.35,1.4,150,15
1006,Division No.  6,Census division (CDR),Newfoundland and Labrador,F,38345,37304,F,2.8,19296,16434,16238.16,2.4,151,3
4716,Division No. 16,Census division (CDR),Saskatchewan,F,37999,37845,F,0.4,18762,14663,21828.49,1.7,152,6
5951,Bulkley-Nechako,Regional district (RD),British Columbia,F,37896,39208,F,-3.3,17564,15101,73361,0.5,153,19
5949,Kitimat-Stikine,Regional district (RD),British Columbia,F,37367,37361,F,0,16922,14822,104464.61,0.4,154,20
2419,Bellechasse,Municipalit� r�gionale de comt� (MRC),Quebec,F,37233,35318,F,5.4,17740,15625,1751.06,21.3,155,47
4718,Division No. 18,Census division (CDR),Saskatchewan,F,37064,36557,F,1.4,12664,10234,269997.26,0.1,156,7
2426,La Nouvelle-Beauce,Municipalit� r�gionale de comt� (MRC),Quebec,F,36785,35107,F,4.8,15501,14791,905.58,40.6,157,48
2455,Rouville,Municipalit� r�gionale de comt� (MRC),Quebec,F,36536,35690,F,2.4,15470,14939,483.12,75.6,158,49
2451,Maskinong�,Municipalit� r�gionale de comt� (MRC),Quebec,F,36316,36286,F,0.1,19075,16452,2384.76,15.2,159,50
4714,Division No. 14,Census division (CDR),Saskatchewan,F,36096,37195,F,-3,18261,15225,33821.12,1.1,160,8
6001,Yukon,Territory (TER),Yukon,F,35874,33897,F,5.8,17987,15215,474712.68,0.1,161,1
1008,Division No.  8,Census division (CDR),Newfoundland and Labrador,F,35794,37121,F,-3.6,21913,15587,9314.57,3.8,162,4
4709,Division No.  9,Census division (CDR),Saskatchewan,F,35634,35314,F,0.9,18041,15297,15281.8,2.3,163,9
2479,Antoine-Labelle,Municipalit� r�gionale de comt� (MRC),Quebec,F,35243,35159,F,0.2,23399,16474,14976.99,2.4,164,51
1007,Division No.  7,Census division (CDR),Newfoundland and Labrador,F,34092,34686,F,-1.7,20097,14571,9672.91,3.5,165,5
2412,Rivi�re-du-Loup,Municipalit� r�gionale de comt� (MRC),Quebec,F,33958,34375,F,-1.2,17019,15155,1277.15,26.6,166,52
1313,Madawaska,County (CT),New Brunswick,F,32741,33422,F,-2,15774,14505,3461.89,9.5,167,7
2476,Argenteuil,Municipalit� r�gionale de comt� (MRC),Quebec,F,32389,32117,F,0.8,19081,14789,1252.97,25.8,168,53
3554,Timiskaming,District (DIS),Ontario,F,32251,32634,F,-1.2,16862,14395,13303.3,2.4,169,44
4701,Division No.  1,Census division (CDR),Saskatchewan,F,31766,31333,F,1.4,15738,12890,14998.19,2.1,170,10
4705,Division No.  5,Census division (CDR),Saskatchewan,F,31750,32007,F,-0.8,15738,13560,14779.44,2.1,171,11
2433,Lotbini�re,Municipalit� r�gionale de comt� (MRC),Quebec,F,31741,29617,F,7.2,14642,13352,1662.27,19.1,172,54
5905,Kootenay Boundary,Regional district (RD),British Columbia,F,31447,31138,F,1,18321,14339,8084.52,3.9,173,21
2491,Le Domaine-du-Roy,Municipalit� r�gionale de comt� (MRC),Quebec,F,31285,31870,F,-1.8,16549,13729,17803.47,1.8,174,55
2496,Manicouagan,Municipalit� r�gionale de comt� (MRC),Quebec,F,31027,32012,F,-3.1,14844,13738,35705.48,0.9,175,56
5923,Alberni-Clayoquot,Regional district (RD),British Columbia,F,30981,31061,F,-0.3,15490,13654,6589.15,4.7,176,22
1314,Restigouche,County (CT),New Brunswick,F,30955,32594,F,-5,15259,13993,8580,3.6,177,8
4708,Division No.  8,Census division (CDR),Saskatchewan,F,30718,29962,F,2.5,14534,12759,22244.1,1.4,178,12
2442,Le Val-Saint-Fran�ois,Municipalit� r�gionale de comt� (MRC),Quebec,F,30686,29654,F,3.5,14359,13015,1403.43,21.9,179,57
1308,Kent,County (CT),New Brunswick,F,30475,30833,F,-1.2,16251,13236,4552.92,6.7,180,9
1211,Cumberland,County (CTY),Nova Scotia,F,30005,31353,F,-4.3,18445,13614,4277.86,7,181,8
5929,Sunshine Coast,Regional district (RD),British Columbia,F,29970,28619,F,4.7,17379,13995,3773.73,7.9,182,23
4814,Division No. 14,Census division (CDR),Alberta,F,29291,28584,F,2.5,13153,11598,26962.03,1.1,183,16
1306,Albert,County (CT),New Brunswick,F,29158,28846,F,1.1,13111,12219,1807.88,16.1,184,10
2421,La C�te-de-Beaupr�,Municipalit� r�gionale de comt� (MRC),Quebec,F,28199,26172,F,7.7,14244,11851,4865.97,5.8,185,58
2468,Les Jardins-de-Napierville,Municipalit� r�gionale de comt� (MRC),Quebec,F,27870,26234,F,6.2,11789,11205,803.07,34.7,186,59
1303,Sunbury,County (CT),New Brunswick,F,27644,27143,F,1.8,11853,10898,2696.53,10.3,187,11
1311,Carleton,County (CT),New Brunswick,F,26220,27019,F,-3,11823,10765,3312.72,7.9,188,12
1302,Charlotte,County (CT),New Brunswick,F,25428,26549,F,-4.2,13513,11132,3426.97,7.4,189,13
2492,Maria-Chapdelaine,Municipalit� r�gionale de comt� (MRC),Quebec,F,24793,25279,F,-1.9,11916,10805,36768.21,0.7,190,60
3513,Prince Edward,Census division (CDR),Ontario,F,24735,25258,F,-2.1,12899,10728,1050.49,23.5,191,45
1010,Division No. 10,Census division (CDR),Newfoundland and Labrador,F,24639,24111,F,2.2,10758,9193,199703.36,0.1,192,6
2488,Abitibi,Municipalit� r�gionale de comt� (MRC),Quebec,F,24639,24354,F,1.2,11374,10529,7679.36,3.2,192,61
1202,Yarmouth,County (CTY),Nova Scotia,F,24419,25275,F,-3.4,12342,10798,2125.7,11.5,194,9
4609,Division No.  9,Census division (CDR),Manitoba,F,24391,23489,F,3.8,9807,9169,2987.91,8.2,195,7
4618,Division No. 18,Census division (CDR),Manitoba,F,24036,23469,F,2.4,15528,10038,11331.94,2.1,196,8
4712,Division No. 12,Census division (CDR),Saskatchewan,F,23986,23228,F,3.3,10076,9226,13887.42,1.7,197,13
4612,Division No. 12,Census division (CDR),Manitoba,F,23683,21830,F,8.5,9300,8875,1858.35,12.7,198,9
2432,L'�rable,Municipalit� r�gionale de comt� (MRC),Quebec,F,23425,23366,F,0.3,11315,10270,1287.86,18.2,199,62
4713,Division No. 13,Census division (CDR),Saskatchewan,F,23224,23089,F,0.6,10510,9107,17258.71,1.3,200,14
2450,Nicolet-Yamaska,Municipalit� r�gionale de comt� (MRC),Quebec,F,23159,22798,F,1.6,11045,10085,1007.09,23,201,63
2480,Papineau,Municipalit� r�gionale de comt� (MRC),Quebec,F,22832,22541,F,1.3,15893,10401,2941.79,7.8,202,64
4702,Division No.  2,Census division (CDR),Saskatchewan,F,22825,22266,F,2.5,10741,9389,16859.18,1.4,203,15
2418,Montmagny,Municipalit� r�gionale de comt� (MRC),Quebec,F,22698,22877,F,-0.8,12079,10421,1698.13,13.4,204,65
2469,Le Haut-Saint-Laurent,Municipalit� r�gionale de comt� (MRC),Quebec,F,22454,21197,F,5.9,12016,9666,1173.51,19.1,205,66
2441,Le Haut-Saint-Fran�ois,Municipalit� r�gionale de comt� (MRC),Quebec,F,22335,22065,F,1.2,11203,9581,2273.39,9.8,206,67
4617,Division No. 17,Census division (CDR),Manitoba,F,22205,22208,F,0,11646,9459,13641.15,1.6,207,10
4621,Division No. 21,Census division (CDR),Manitoba,F,21983,21393,F,2.8,9162,7863,43361.8,0.5,208,11
3552,Sudbury,District (DIS),Ontario,F,21546,21196,F,1.7,12557,9375,40204.77,0.5,209,46
2430,Le Granit,Municipalit� r�gionale de comt� (MRC),Quebec,F,21462,22210,T,-3.4,12478,9559,2735.21,7.8,210,68
4615,Division No. 15,Census division (CDR),Manitoba,F,21379,20837,T,2.6,10696,8564,8765.77,2.4,211,12
2408,Matane,Municipalit� r�gionale de comt� (MRC),Quebec,F,21301,21786,F,-2.2,11948,10178,3318.34,6.4,212,69
2414,Kamouraska,Municipalit� r�gionale de comt� (MRC),Quebec,F,21073,21492,F,-1.9,10645,9150,2244.73,9.4,213,70
4809,Division No.  9,Census division (CDR),Alberta,F,20869,21290,F,-2,9210,7933,18913.39,1.1,214,17
1205,Annapolis,County (CTY),Nova Scotia,F,20591,20756,F,-0.8,11391,9377,3189.14,6.5,215,10
2487,Abitibi-Ouest,Municipalit� r�gionale de comt� (MRC),Quebec,F,20538,21003,F,-2.2,10053,9026,3334.92,6.2,216,71
2438,B�cancour,Municipalit� r�gionale de comt� (MRC),Quebec,F,20404,20081,F,1.6,9947,9041,1144.67,17.8,217,72
1004,Division No.  4,Census division (CDR),Newfoundland and Labrador,F,20387,20840,F,-2.2,11338,9345,7087.65,2.9,218,7
1002,Division No.  2,Census division (CDR),Newfoundland and Labrador,F,20372,21351,F,-4.6,11497,8737,6099.08,3.3,219,8
2483,La Vall�e-de-la-Gatineau,Municipalit� r�gionale de comt� (MRC),Quebec,T,20182,20530,F,-1.7,15363,9392,12480.5,1.6,220,73
3559,Rainy River,District (DIS),Ontario,F,20110,20370,F,-1.3,11217,8432,15486.75,1.3,221,47
6106,Region 6,Region (REG),Northwest Territories,F,20090,19725,T,1.9,8259,7340,184903.81,0.1,222,1
5927,Powell River,Regional district (RD),British Columbia,F,20070,19906,F,0.8,11400,9412,5075.33,4,223,24
2413,T�miscouata,Municipalit� r�gionale de comt� (MRC),Quebec,F,19574,20572,F,-4.9,10778,8827,3904.03,5,224,74
1214,Antigonish,County (CTY),Nova Scotia,F,19301,19589,F,-1.5,9842,8129,1457.99,13.2,225,11
2427,Robert-Cliche,Municipalit� r�gionale de comt� (MRC),Quebec,F,19125,19288,F,-0.8,8698,8002,840.1,22.8,226,75
6204,Baffin,Region (REG),Nunavut,F,18988,16939,F,12.1,6556,5525,989879.35,0,227,1
4614,Division No. 14,Census division (CDR),Manitoba,F,18621,18497,F,0.7,6967,6652,2828.75,6.6,228,13
1312,Victoria,County (CT),New Brunswick,F,18617,19921,F,-6.5,9178,8159,5505.56,3.4,229,14
4601,Division No.  1,Census division (CDR),Manitoba,F,18534,17331,F,6.9,17236,8080,14871.94,1.2,230,14
2444,Coaticook,Municipalit� r�gionale de comt� (MRC),Quebec,F,18497,18847,F,-1.9,8747,7817,1339.8,13.8,231,76
2409,La Mitis,Municipalit� r�gionale de comt� (MRC),Quebec,F,18210,18942,F,-3.9,9692,8206,2281.25,8,232,77
5947,Skeena-Queen Charlotte,Regional district (RD),British Columbia,F,18133,18784,F,-3.5,8911,7413,19775.41,0.9,233,25
3546,Haliburton,County (CTY),Ontario,F,18062,17056,T,5.9,21113,8443,4076.08,4.4,234,48
2407,La Matap�dia,Municipalit� r�gionale de comt� (MRC),Quebec,F,17925,18573,F,-3.5,9142,8139,5374.57,3.3,235,78
2417,L'Islet,Municipalit� r�gionale de comt� (MRC),Quebec,F,17798,18517,F,-3.9,9924,8023,2100.02,8.5,236,79
2405,Bonaventure,Municipalit� r�gionale de comt� (MRC),Quebec,F,17660,18000,F,-1.9,8744,7898,4379.4,4,237,80
1203,Digby,County (CTY),Nova Scotia,F,17323,18036,F,-4,9927,8043,2516.43,6.9,238,12
2402,Le Rocher-Perc�,Municipalit� r�gionale de comt� (MRC),Quebec,F,17282,17979,F,-3.9,8969,8022,3076.8,5.6,239,81
1215,Inverness,County (CTY),Nova Scotia,F,17235,17947,F,-4,9876,7351,3831.17,4.5,240,13
1101,Kings,County (CTY),Prince Edward Island,F,17160,17990,F,-4.6,10026,7222,1686.34,10.2,241,3
2403,La C�te-de-Gasp�,Municipalit� r�gionale de comt� (MRC),Quebec,F,17117,17985,F,-4.8,8648,7637,4098.8,4.2,242,82
4710,Division No. 10,Census division (CDR),Saskatchewan,F,16563,17546,F,-5.6,8427,6980,12220.36,1.4,243,16
2428,Les Etchemins,Municipalit� r�gionale de comt� (MRC),Quebec,F,16536,17254,F,-4.2,8764,7322,1810.05,9.1,244,83
4619,Division No. 19,Census division (CDR),Manitoba,F,16518,17240,F,-4.2,7984,4817,61074.94,0.3,245,15
2485,T�miscamingue,Municipalit� r�gionale de comt� (MRC),Quebec,F,15980,16425,F,-2.7,8992,7129,16420.32,1,246,84
1009,Division No.  9,Census division (CDR),Newfoundland and Labrador,F,15607,16786,F,-7,9346,6689,13527.12,1.2,247,9
2448,Acton,Municipalit� r�gionale de comt� (MRC),Quebec,F,15594,15381,F,1.4,7101,6637,579.8,26.9,248,85
1003,Division No.  3,Census division (CDR),Newfoundland and Labrador,F,15560,16306,F,-4.6,8289,6773,19912.67,0.8,249,10
2415,Charlevoix-Est,Municipalit� r�gionale de comt� (MRC),Quebec,F,15509,16240,F,-4.5,8707,6980,2307.23,6.7,250,86
2490,La Tuque,Territoire �quivalent (T�),Quebec,F,15059,15130,F,-0.5,8360,6377,26356.13,0.6,251,87
4818,Division No. 18,Census division (CDR),Alberta,F,14488,14534,F,-0.3,6590,5320,33200.73,0.4,252,18
2406,Avignon,Municipalit� r�gionale de comt� (MRC),Quebec,F,14461,15246,F,-5.1,7340,6570,3487.51,4.1,253,88
2440,Les Sources,Municipalit� r�gionale de comt� (MRC),Quebec,F,14286,14756,F,-3.2,7226,6478,787.13,18.1,254,89
2484,Pontiac,Municipalit� r�gionale de comt� (MRC),Quebec,F,14251,14358,F,-0.7,10208,6203,12991.82,1.1,255,90
4608,Division No.  8,Census division (CDR),Manitoba,F,13968,13444,T,3.9,5008,4638,5751.75,2.4,256,16
1201,Shelburne,County (CTY),Nova Scotia,F,13966,14496,F,-3.7,7765,6378,2467.39,5.7,257,14
3551,Manitoulin,District (DIS),Ontario,F,13255,13048,F,1.6,9537,5748,3107.23,4.3,258,49
4605,Division No.  5,Census division (CDR),Manitoba,F,13176,12922,F,2,6945,5442,8229.91,1.6,259,17
2416,Charlevoix,Municipalit� r�gionale de comt� (MRC),Quebec,F,12997,13338,F,-2.6,7330,5781,3763.22,3.5,260,91
4703,Division No.  3,Census division (CDR),Saskatchewan,F,12610,12691,F,-0.6,6173,5358,18553.99,0.7,261,17
2401,Les �les-de-la-Madeleine,Territoire �quivalent (T�),Quebec,F,12475,12781,F,-2.4,6477,5534,210.3,59.3,262,92
2435,M�kinac,Municipalit� r�gionale de comt� (MRC),Quebec,F,12358,12924,F,-4.4,8324,6013,5222.1,2.4,263,93
4610,Division No. 10,Census division (CDR),Manitoba,F,11941,10673,F,11.9,3786,3678,1916.28,6.2,264,18
2498,Minganie--Le Golfe-du-Saint-Laurent,Census division (CDR),Quebec,F,11323,11708,F,-3.3,5297,4462,99468.3,0.1,265,94
2404,La Haute-Gasp�sie,Municipalit� r�gionale de comt� (MRC),Quebec,F,11316,12088,F,-6.4,6282,5270,5066.06,2.2,266,95
5943,Mount Waddington,Regional district (RD),British Columbia,F,11035,11506,F,-4.1,5963,4850,20244.27,0.5,267,26
4704,Division No.  4,Census division (CDR),Saskatchewan,F,10854,10879,F,-0.2,5262,4181,21366.27,0.5,268,18
2495,La Haute-C�te-Nord,Municipalit� r�gionale de comt� (MRC),Quebec,F,10846,11546,F,-6.1,5708,4982,11612.68,0.9,269,96
1304,Queens,County (CT),New Brunswick,F,10472,11086,F,-5.5,7289,4877,3686.05,2.8,270,15
6205,Keewatin,Region (REG),Nunavut,F,10413,8955,F,16.3,3007,2631,444621.71,0,271,2
1204,Queens,County (CTY),Nova Scotia,F,10351,10960,F,-5.6,6608,4764,2398.51,4.3,272,15
4606,Division No.  6,Census division (CDR),Manitoba,F,10317,10025,F,2.9,4703,4102,3943.25,2.6,273,19
4604,Division No.  4,Census division (CDR),Manitoba,F,9986,9989,T,0,4206,3702,4481.09,2.2,274,20
4616,Division No. 16,Census division (CDR),Manitoba,F,9848,9928,F,-0.8,4986,4121,4717.05,2.1,275,21
4620,Division No. 20,Census division (CDR),Manitoba,F,9621,9952,F,-3.3,4919,4177,9869.16,1,276,22
4804,Division No.  4,Census division (CDR),Alberta,F,9573,10078,F,-5,4174,3739,21479.85,0.4,277,19
4623,Division No. 23,Census division (CDR),Manitoba,F,8971,8590,F,4.4,2967,2423,242367.35,0,278,23
1216,Richmond,County (CTY),Nova Scotia,F,8964,9293,F,-3.5,5122,3983,1249.33,7.2,279,16
2411,Les Basques,Municipalit� r�gionale de comt� (MRC),Quebec,F,8694,9142,F,-4.9,5185,4065,1121.82,7.7,280,97
1213,Guysborough,County (CTY),Nova Scotia,F,7625,8143,F,-6.4,5190,3549,4044.15,1.9,281,17
1218,Victoria,County (CTY),Nova Scotia,F,7089,7115,F,-0.4,4437,3101,2857.74,2.5,282,18
2420,L'�le-d'Orl�ans,Municipalit� r�gionale de comt� (MRC),Quebec,F,7082,6711,F,5.5,3703,3040,192.85,36.7,283,98
6105,Region 5,Region (REG),Northwest Territories,F,6980,6616,T,5.5,3199,2692,153468.37,0,284,2
6208,Kitikmeot,Region (REG),Nunavut,F,6543,6012,F,8.8,1870,1663,443277.47,0,285,3
6101,Region 1,Region (REG),Northwest Territories,F,6372,6712,F,-5.1,2741,2248,365094.4,0,286,3
5959,Northern Rockies,Regional district (RD),British Columbia,F,5393,5578,F,-3.3,2593,2182,85111.07,0.1,287,27
5945,Central Coast,Regional district (RD),British Columbia,F,3319,3206,F,3.5,1531,1284,24491.85,0.1,288,28
6104,Region 4,Region (REG),Northwest Territories,F,3160,3256,T,-2.9,1495,1138,194494.15,0,289,4
6103,Region 3,Region (REG),Northwest Territories,F,2751,2812,F,-2.2,861,705,25080.97,0.1,290,5
1011,Division No. 11,Census division (CDR),Newfoundland and Labrador,F,2558,2617,F,-2.3,945,834,69371.46,0,291,11
6102,Region 2,Region (REG),Northwest Territories,F,2433,2341,F,3.9,1111,858,220752.16,0,292,6
5957,Stikine,Region (REG),British Columbia,F,740,629,F,17.6,617,367,118663.53,0,293,29
,,,,,,,,,,,,,,
Note:,,,,,,,,,,,,,,
"Incompletely enumerated Indian reserves and Indian settlements, 2016",T = excludes census data for one or more incompletely enumerated Indian reserves or Indian settlements.,,,,,,,,,,,,,
2011 adjusted population flag,T = adjusted figure due to boundary change.,,,,,,,,,,,,,
"For further information, refer to: http://www12.statcan.gc.ca/census-recensement/2016/dp-pd/hlt-fst/pd-pl/About.cfm.",,,,,,,,,,,,,,
,,,,,,,,,,,,,,
"Source: Statistics Canada, 2016 Census of Population.",,,,,,,,,,,,,,
"How to cite: Statistics Canada. 2017. Population and dwelling counts, for Canada, provinces and territories, and census divisions, 2016 and 2011 censuses (table). Population and Dwelling Count Highlight Tables. 2016 Census.",,,,,,,,,,,,,,
"Statistics Canada Catalogue no. 98-402-X2016001. Ottawa. Released February 8, 2017.",,,,,,,,,,,,,,
"http://www12.statcan.gc.ca/census-recensement/2016/dp-pd/hlt-fst/pd-pl/Tables/File.cfm?T=701&SR=1&RPP=9999&PR=0&CMA=0&CSD=0&S=3&O=D&Lang=Eng&OFT=CSV (accessed March 29, 2018)",,,,,,,,,,,,,,
